UNITID,LATITUDE,LONGITUDE
100654,34.7834,-86.5685
100663,33.5022,-86.8092
100690,32.3626,-86.174
100706,34.7228,-86.6384
100724,32.3643,-86.2957
100751,33.2144,-87.5458
100812,34.8056,-86.9651
100830,32.3699,-86.1774
100858,32.6002,-85.4924
100937,33.5155,-86.8536
101073,32.4223,-87.0242
101189,32.3842,-86.2164
101435,32.3509,-86.2853
101453,34.8591,-87.6621
101480,33.8221,-85.7666
101541,32.6305,-87.3161
101587,32.5924,-88.1861
101675,33.4813,-86.9086
101693,30.7932,-88.1289
101709,33.1063,-86.8651
101879,34.8066,-87.681
101912,34.7566,-86.6616
102049,33.4646,-86.7909
102058,32.4204,-87.0338
102094,30.6951,-88.1819
102234,30.6948,-88.1382
102261,33.3789,-86.749
102270,33.1992,-87.5852
102298,33.4343,-86.1137
102368,31.8001,-85.9502
102377,32.431,-85.7103
102395,30.6393,-87.9116
102553,61.1896,-149.8261
102614,64.8571,-147.8248
102632,58.3843,-134.6363
102669,61.1912,-149.8042
103787,33.5777,-112.0922
104151,33.4219,-111.94
104179,32.2321,-110.9508
104586,34.6157,-112.4523
104665,33.6072,-111.8465
105330,35.1801,-111.6577
105367,33.5779,-112.1134
105589,34.5445,-112.4765
105899,33.5951,-112.0262
106245,34.7266,-92.3418
106263,34.7497,-92.3209
106306,34.7348,-92.2906
106342,35.7789,-91.6281
106397,36.0615,-94.1782
106412,34.2422,-92.0213
106458,35.8428,-90.6805
106467,35.2952,-93.1323
106704,35.0782,-92.4593
106713,35.0846,-92.4441
107044,35.2496,-91.729
107071,34.1278,-93.0603
107080,35.0997,-92.442
107141,36.1911,-94.5591
107512,34.125,-93.0524
107558,35.4778,-93.4679
107600,34.7367,-92.2824
107877,36.1268,-90.9399
107983,33.2912,-93.2351
108092,35.3853,-94.3741
109651,34.1708,-118.1869
109785,34.1309,-117.888
110060,33.8423,-117.9413
110097,33.9048,-118.0173
110316,37.7748,-122.4165
110361,33.9286,-117.4259
110370,37.8357,-122.2514
110404,34.1393,-118.1257
110413,34.2256,-118.8795
110422,35.2989,-120.6586
110468,32.8971,-117.0944
110486,35.35,-119.1047
110495,37.5258,-120.8525
110510,34.183,-117.3225
110529,34.0543,-117.819
110538,39.728,-121.8463
110547,33.8652,-118.2593
110556,36.8145,-119.7483
110565,33.8836,-117.8853
110574,37.6571,-122.0581
110583,33.7828,-118.1123
110592,34.0669,-118.169
110608,34.2367,-118.5268
110617,38.5575,-121.4219
110635,37.8715,-122.2604
110644,38.5399,-121.752
110653,33.667,-117.7686
110662,34.0689,-118.4439
110671,33.9759,-117.3311
110680,32.8766,-117.2378
110705,34.4155,-119.8481
110714,36.9973,-122.068
110918,36.7676,-119.7328
111081,34.3933,-118.5673
111188,38.0691,-122.2316
111948,33.7937,-117.8515
112075,33.6535,-117.8106
112084,32.8,-116.9031
112260,34.1023,-117.7066
112570,34.1796,-118.5384
113698,37.98,-122.5147
114813,36.7253,-119.732
115083,37.7892,-122.3988
115409,34.1061,-117.7106
115728,37.8027,-122.1872
115755,40.8741,-124.0814
115773,38.0111,-121.3164
116712,37.8818,-122.184
116846,34.1281,-118.4718
117104,34.0894,-117.831
117140,34.1009,-117.7726
117168,33.5614,-117.7726
117575,32.8033,-116.9005
117627,33.9088,-117.4971
117636,34.0515,-117.2611
117751,34.3821,-118.5174
117946,33.9706,-118.4157
118693,37.4529,-122.1814
118888,37.7826,-122.1879
119058,36.5998,-121.8968
119173,34.0821,-118.4805
119605,32.9095,-117.2442
120184,37.5175,-122.2846
120254,34.1262,-118.2108
120403,33.9566,-118.4166
120537,33.8762,-117.8857
120698,37.3833,-122.186
120768,34.1515,-118.1609
120838,34.0617,-118.2996
120865,38.5741,-122.4496
120883,37.9806,-121.3073
121150,34.0419,-118.7077
121257,34.1034,-117.7059
121309,32.7133,-117.2512
121345,34.0983,-117.7119
121691,34.0636,-117.1638
122296,37.82,-122.2669
122409,32.7753,-117.0712
122436,32.7714,-117.1887
122454,37.8036,-122.417
122506,37.7753,-122.4201
122597,37.7213,-122.4779
122612,37.7756,-122.451
122728,38.8197,-121.2923
122755,37.3352,-121.8812
122931,37.3527,-121.9382
123165,34.1037,-117.7113
123280,40.5642,-122.3157
123457,40.6133,-122.333
123554,37.84,-122.1068
123572,38.341,-122.6733
123633,33.8479,-117.9587
123651,33.6627,-117.9009
123952,34.0437,-118.2327
123961,34.0211,-118.2839
124292,34.429,-119.0871
125727,34.4493,-119.6619
125763,33.9776,-118.0284
125897,34.2092,-118.3407
126076,34.0855,-118.3467
126182,37.4772,-105.8809
126562,39.7464,-104.9993
126580,38.8927,-104.8003
126614,40.0044,-105.2671
126669,39.7117,-105.0948
126678,38.8466,-104.8242
126775,39.7508,-105.2271
126818,40.5748,-105.0808
127060,39.696,-104.9646
127185,37.2754,-107.867
127556,39.0764,-108.5403
127565,39.7422,-105.0024
127653,40.0148,-105.2671
127714,38.8141,-104.7511
127741,40.4032,-104.7017
127918,39.7898,-105.0314
128106,38.3092,-104.5798
128391,38.5474,-106.9197
128498,41.3325,-72.9238
128744,41.1656,-73.1894
128771,41.6903,-72.7701
128902,41.3798,-72.1073
129020,41.8082,-72.2495
129215,41.7217,-72.2188
129242,41.1607,-73.2578
129525,41.7965,-72.715
129534,41.6068,-72.6479
129774,41.3281,-72.0953
129941,41.2913,-72.9615
130226,41.4195,-72.8955
130253,41.2215,-73.2446
130314,41.783,-72.7305
130493,41.3319,-72.9488
130590,41.7467,-72.6887
130697,41.5568,-72.6568
130776,41.4004,-73.4443
130794,41.3102,-72.9289
130934,39.1872,-75.5405
130943,39.6798,-75.7536
130989,39.7425,-75.694
131098,39.1633,-75.5274
131113,39.6823,-75.587
131159,38.9378,-77.0901
131283,38.9358,-76.999
131399,38.9438,-77.0662
131450,38.9074,-76.9937
131469,38.8987,-77.0479
131496,38.9088,-77.0735
131520,38.9207,-77.0195
131876,38.9274,-77.0043
132408,30.9564,-85.519
132471,25.8789,-80.1961
132602,29.2102,-81.0314
132657,26.3828,-80.1239
132842,25.7952,-80.355
132903,28.6011,-81.1988
133085,27.9636,-82.6973
133492,27.719,-82.686
133526,30.3451,-81.6848
133553,29.1892,-81.0495
133650,30.4286,-84.2857
133669,26.3725,-80.1023
133711,29.8934,-81.3153
133872,28.5761,-81.3677
133881,28.0645,-80.6246
133951,25.7571,-80.3776
133979,25.9179,-80.2707
134079,28.0315,-81.9458
134097,30.4397,-84.2909
134130,29.6382,-82.3612
134510,27.0665,-80.1324
134945,30.3503,-81.6071
135364,33.698,-84.1236
135610,26.0997,-80.2572
135726,25.7204,-80.2765
136172,30.2709,-81.5079
136206,26.7147,-80.1041
136215,26.0793,-80.2425
136330,26.7046,-80.0498
136774,27.3596,-82.5486
136950,28.592,-81.3487
137032,28.3368,-82.2573
137272,25.7426,-80.3374
137351,28.0566,-82.4159
137476,25.9209,-80.2563
137546,29.0363,-81.3016
137564,28.0319,-81.919
137777,25.7949,-80.1413
137847,27.9472,-82.4656
137953,30.3238,-81.7057
137962,28.1942,-82.6771
138275,27.8258,-81.6
138293,27.8388,-81.5323
138354,30.5429,-87.2181
138600,33.77,-84.2956
138716,31.5714,-84.1431
138789,31.9781,-81.1604
138868,33.6854,-84.4748
138947,33.7488,-84.4128
139144,34.2893,-85.1891
139153,33.737,-84.3581
139199,34.3031,-83.8215
139205,32.1857,-82.5861
139311,33.5941,-84.3282
139366,32.5016,-84.9408
139393,34.9633,-85.375
139630,34.2826,-83.1468
139658,33.7988,-84.3258
139719,32.5382,-83.8955
139755,33.7737,-84.396
139764,32.0582,-84.2178
139861,33.0828,-83.232
139931,32.4273,-81.7799
139940,33.7527,-84.3867
139959,33.9435,-83.3738
140164,34.0363,-84.5808
140234,33.0397,-85.0414
140252,33.9321,-84.5142
140447,32.8297,-83.651
140553,33.7479,-84.4152
140696,33.8759,-84.3348
140720,33.4693,-81.9912
140818,34.5666,-83.5432
140872,34.3189,-84.5547
140951,32.073,-81.0939
140960,32.0248,-81.0634
140988,34.2582,-85.1962
141060,33.7452,-84.4101
141097,33.939,-84.5193
141167,30.814,-83.9815
141185,34.5937,-83.3573
141237,34.5944,-83.746
141264,30.8492,-83.2899
141325,32.8746,-83.7172
141334,33.5744,-85.099
141361,34.9332,-83.8478
141486,21.2903,-157.8076
141565,19.7019,-155.0813
141574,21.2926,-157.8166
141644,21.3101,-157.8593
141981,21.3941,-157.9821
142090,43.6574,-116.2906
142115,43.6044,-116.2058
142276,42.8641,-112.4291
142285,46.7269,-117.0243
142294,43.6527,-116.6768
142328,46.41,-117.0264
142461,43.5632,-116.5644
142522,43.8154,-111.7847
143048,41.8796,-87.6214
143084,41.5003,-90.5524
143118,41.7545,-88.3495
143288,39.2883,-89.8722
143297,39.9359,-91.3985
143358,40.6976,-89.6146
144005,41.7188,-87.6103
144050,41.7892,-87.6012
144281,41.8736,-87.6246
144351,41.8986,-87.81
144740,41.9233,-87.6541
144883,41.8713,-87.6248
144892,39.483,-88.1755
144962,41.8992,-87.9461
144971,40.713,-89.269
145336,41.4486,-87.717
145372,38.8948,-89.4092
145497,42.0111,-87.7611
145600,41.8727,-87.6511
145619,41.7764,-88.0959
145637,40.1089,-88.2303
145646,40.4915,-88.9906
145691,39.7308,-90.2463
145725,41.8338,-87.6283
145813,40.5097,-88.9923
146339,42.059,-88.2897
146427,40.9418,-90.3703
146481,42.2505,-87.8308
146533,40.1372,-87.6445
146612,41.6054,-88.079
146667,40.1489,-89.3458
146719,41.9992,-87.6574
146825,39.7302,-90.2218
147013,38.6094,-89.8145
147129,40.7002,-89.5913
147244,39.8426,-88.9746
147341,40.9146,-90.6379
147369,41.8978,-87.6335
147536,41.8798,-87.6248
147590,41.8619,-88.0132
147660,41.7753,-88.1436
147679,41.9751,-87.7091
147703,41.9338,-88.7661
147767,42.0584,-87.6737
147776,41.9806,-87.7201
147828,41.1555,-87.8737
148131,39.9392,-91.3879
148335,41.8763,-87.6271
148405,42.2706,-89.0195
148487,41.8761,-87.625
148496,41.9028,-87.8219
148511,41.8749,-87.6675
148575,40.7003,-89.591
148584,41.5333,-88.0964
148593,39.8073,-89.6458
148627,41.7078,-87.7135
148654,39.7299,-89.6149
148849,41.8322,-87.6271
149028,42.2632,-89.1083
149222,37.7192,-89.2176
149231,38.7939,-89.9978
149329,41.9753,-87.7169
149505,41.6692,-87.7842
149514,42.1979,-87.8827
149639,41.8368,-87.6291
149763,41.8916,-87.7752
149772,40.4656,-90.6852
149781,41.8709,-88.0968
150066,40.1122,-85.6623
150136,40.1989,-85.4089
150145,41.6777,-86.1916
150163,39.8407,-86.1718
150172,41.6709,-87.493
150400,39.6395,-86.8636
150455,39.8223,-84.9115
150534,37.97,-87.532
150604,39.4783,-86.0472
150668,41.5643,-85.8268
150677,41.2265,-85.8139
150756,38.7125,-85.4611
150774,41.7,-86.2537
150941,40.8991,-85.4996
151102,41.1154,-85.1117
151111,39.7729,-86.1722
151263,39.7097,-86.1347
151290,41.0783,-85.118
151306,37.9662,-87.6767
151324,39.4687,-87.4071
151333,40.4599,-86.1321
151342,41.6657,-86.223
151351,39.1664,-86.5269
151360,41.5567,-87.3385
151379,38.343,-85.8194
151388,39.8671,-84.8862
151777,41.0116,-85.7588
151786,39.8153,-86.2046
151801,40.5185,-85.662
151810,39.7984,-86.1048
152080,41.6167,-86.2898
152099,38.3396,-87.3516
152248,41.5847,-87.4738
152266,41.5838,-86.8952
152318,39.4809,-87.3236
152336,41.0878,-85.1737
152363,40.9234,-87.1555
152381,39.5106,-87.4604
152390,41.6167,-86.2898
152530,40.4584,-85.4969
152567,41.6334,-85.0057
152600,41.4632,-87.0459
152673,40.0378,-86.9058
152798,42.5314,-92.338
152822,41.562,-93.6457
152992,42.5269,-96.427
153001,42.6425,-95.2081
153108,41.4002,-92.9187
153126,42.5086,-90.6915
153144,41.9864,-91.6575
153162,41.926,-91.4254
153241,42.4416,-90.9349
153250,43.084,-96.1663
153269,41.6038,-93.6541
153278,42.498,-90.6936
153320,41.7363,-93.6242
153366,40.616,-93.9249
153375,41.6209,-93.605
153384,41.747,-92.7212
153603,42.0264,-93.6484
153621,40.9737,-91.5526
153658,41.6607,-91.5357
153825,42.5041,-90.6802
153834,43.3136,-91.804
153861,41.0178,-91.9673
154004,42.4732,-96.3607
154013,42.0019,-91.651
154095,42.5149,-92.4597
154101,42.999,-96.0584
154174,41.529,-90.5746
154235,41.5401,-90.581
154350,41.3655,-93.5635
154493,42.8403,-91.7997
154527,42.7276,-92.4809
154590,41.3089,-92.6483
154688,38.7773,-95.1882
154712,39.573,-95.1114
154721,38.5786,-97.6732
154749,38.0753,-97.3426
154855,38.358,-97.6674
155025,38.4126,-96.1795
155061,38.8724,-99.3405
155070,37.6207,-99.104
155089,37.6785,-97.3667
155140,38.9378,-95.2325
155317,38.9574,-95.2459
155335,37.6723,-97.3788
155399,39.1886,-96.5811
155414,38.8139,-97.6095
155496,39.1858,-96.579
155511,38.3715,-97.6443
155520,38.8726,-94.7826
155627,38.6029,-95.2638
155636,38.9309,-94.6894
155681,37.3913,-94.7048
155812,39.2773,-94.9069
155900,37.2493,-96.9783
155937,38.2198,-98.21
155973,38.3486,-97.201
156082,39.035,-95.7023
156125,37.7165,-97.2967
156189,37.3351,-82.8751
156213,37.862,-84.6626
156286,38.2191,-85.7049
156295,37.5733,-84.2893
156356,37.769,-87.1115
156365,37.3433,-85.3489
156408,37.6451,-84.7792
156417,36.7252,-83.7277
156541,36.7365,-84.1624
156620,37.7404,-84.3014
156745,38.2079,-84.5546
157030,37.6043,-83.4377
157058,38.2011,-84.8555
157076,37.7447,-87.122
157085,38.0281,-84.5107
157100,38.339,-82.9469
157216,37.1019,-85.2999
157289,38.2158,-85.7588
157377,38.1444,-84.6793
157386,38.1885,-83.4297
157401,36.6124,-88.3235
157447,39.0292,-84.466
157535,37.4788,-82.5203
157757,38.2432,-85.7596
157809,39.023,-84.5689
157818,38.0532,-84.4939
157863,36.8691,-83.888
157951,36.9857,-86.4559
158477,32.483,-93.7315
158802,29.9965,-90.0653
159009,32.5227,-92.7174
159373,29.9573,-90.0831
159382,31.1786,-92.4144
159391,30.5521,-91.1967
159416,32.4288,-93.7038
159568,31.3223,-92.4256
159647,32.5255,-92.6496
159656,29.9361,-90.1204
159717,30.1808,-93.2156
159939,30.0285,-90.0685
159966,29.7927,-90.8029
159993,32.528,-92.0739
160038,31.7507,-93.0977
160065,29.9125,-89.9971
160409,30.5268,-90.1136
160612,30.5136,-90.4686
160621,30.5246,-91.1901
160630,30.0267,-90.0444
160658,30.2153,-92.0194
160755,29.9397,-90.1204
160904,29.9642,-90.1073
160959,44.3996,-68.2288
160977,44.1053,-70.2033
161004,43.9071,-69.9639
161086,44.5642,-69.6634
161165,44.8289,-68.7913
161217,44.3377,-69.7964
161226,44.668,-70.1475
161235,47.2503,-68.5884
161244,44.7099,-67.4565
161253,44.896,-68.6738
161299,44.3873,-68.8032
161341,46.6724,-68.0165
161457,43.4582,-70.3859
161509,43.6537,-70.262
161518,43.8265,-70.4835
161554,43.6626,-70.276
161563,44.524,-69.6629
161572,44.6032,-69.3323
161873,39.3058,-76.6166
162007,39.0182,-76.7597
162061,39.047,-76.8514
162210,38.9872,-77.0013
162283,39.3108,-76.6585
162584,39.6515,-78.9339
162654,39.4102,-76.5948
162760,39.4219,-77.4193
162928,39.3284,-76.6208
163046,39.346,-76.6234
163204,38.9863,-76.9541
163259,39.2913,-76.625
163268,39.2567,-76.7116
163286,38.9886,-76.9397
163295,39.3088,-76.621
163338,38.2112,-75.6872
163453,39.3442,-76.5842
163462,39.6806,-77.3522
163532,39.3878,-76.7518
163578,39.3513,-76.6197
163851,38.3454,-75.6057
163912,38.1886,-76.4257
163921,39.2963,-76.5982
163976,38.9815,-76.4914
164076,39.393,-76.6123
164173,39.4213,-76.7012
164216,39.2173,-76.0688
164270,39.5849,-77.0017
164447,42.1127,-72.5585
164465,42.3725,-72.5185
164492,42.3306,-71.919
164562,42.2954,-71.8284
164580,42.2965,-71.2695
164614,42.254,-71.1103
164632,42.0554,-72.584
164720,42.2692,-71.8119
164739,42.3888,-71.2201
164748,42.3469,-71.087
164872,42.3487,-71.0859
164924,42.3377,-71.1715
164933,42.3469,-71.0905
164988,42.3496,-71.0998
165015,42.3649,-71.2547
165024,41.9878,-70.9661
165167,42.3692,-71.1108
165334,42.2511,-71.8235
165529,42.2406,-71.114
165644,42.2712,-71.0112
165662,42.3553,-71.074
165671,42.3412,-71.103
165699,42.5542,-70.8407
165820,42.5893,-71.7894
165866,42.2973,-71.4372
165936,42.5882,-70.8191
166018,42.3248,-72.5324
166027,42.3744,-71.1182
166045,42.3264,-71.1905
166054,42.317,-71.1294
166124,42.2389,-71.8086
166391,42.3427,-71.2437
166452,42.3784,-71.1156
166513,42.6537,-71.3251
166629,42.391,-72.5274
166638,42.3145,-71.0387
166656,42.337,-71.101
166674,42.3369,-71.0995
166683,42.3601,-71.0921
166692,41.7405,-70.624
166850,42.6684,-71.1242
166869,42.3736,-71.0565
166911,42.5504,-70.8764
166939,42.2576,-72.5736
166948,42.2932,-71.1947
166984,42.339,-71.0969
167057,42.341,-71.0863
167251,42.331,-71.1421
167260,42.0425,-71.9296
167288,42.6924,-73.1035
167358,42.34,-71.0888
167394,42.1418,-72.6015
167455,42.3196,-71.157
167598,42.3511,-71.3091
167677,42.3441,-71.162
167729,42.5029,-70.8893
167783,42.3393,-71.1
167835,42.3179,-72.6381
167899,42.105,-72.5557
167987,41.6289,-71.0055
167996,42.0614,-71.0781
168005,42.3591,-71.0618
168148,42.406,-71.1206
168218,42.2938,-71.308
168227,42.3366,-71.095
168254,42.1158,-72.5188
168263,42.1316,-72.7957
168281,41.9668,-71.1842
168290,42.3425,-71.1058
168342,42.7117,-73.2059
168421,42.2751,-71.8088
168430,42.2675,-71.844
168528,41.8984,-84.0599
168546,42.2446,-84.7461
168591,43.3792,-84.6701
168740,41.9633,-86.3559
168786,42.9604,-85.6262
169080,42.9299,-85.5875
169248,43.6109,-84.7767
169327,42.3056,-83.6909
169442,42.3618,-83.0624
169479,42.8497,-85.5297
169716,42.4172,-83.1384
169798,42.2479,-83.6271
169910,43.6875,-85.4835
169983,43.0131,-83.7144
170000,42.9195,-85.6921
170037,42.979,-85.5956
170082,42.9652,-85.8875
170091,42.7542,-84.6387
170301,42.7881,-86.1054
170532,42.2904,-85.6013
170639,46.4917,-84.3655
170675,42.4741,-83.25
170806,42.3865,-83.4073
170842,42.4144,-83.1541
170967,42.6675,-83.145
170976,42.2761,-83.7431
171100,42.7248,-84.4736
171128,47.1183,-88.5464
171137,42.3173,-83.2314
171146,43.0188,-83.6885
171456,46.558,-87.4039
171492,43.629,-84.2763
171571,42.6725,-83.2189
171599,42.4409,-84.9229
171881,43.022,-85.5927
172033,42.3752,-83.1117
172051,43.5519,-83.9643
172264,41.906,-84.0151
172334,42.2062,-84.5519
172440,47.1271,-88.5894
172608,42.5739,-83.1472
172644,42.3586,-83.0729
172699,42.2826,-85.6151
173045,44.9656,-93.2414
173124,47.4825,-94.8745
173142,44.1665,-93.9907
173160,45.0571,-93.1593
173258,44.4623,-93.1547
173300,46.8594,-96.7656
173328,44.9498,-93.1549
173452,44.3046,-94.4734
173647,44.325,-93.9719
173665,44.9657,-93.164
173902,44.9367,-93.1699
173920,44.1473,-93.9985
174020,44.957,-93.0742
174066,44.9779,-93.2354
174075,47.802,-96.6099
174127,44.957,-93.2747
174206,43.9971,-92.4763
174233,46.8189,-92.0852
174251,45.5898,-95.9018
174358,46.8665,-96.7634
174437,44.9694,-93.2614
174491,45.033,-93.1716
174507,44.851,-93.3112
174525,47.4258,-94.9017
174747,45.5586,-94.319
174783,45.5524,-94.153
174792,45.5814,-94.3919
174817,44.0453,-91.6967
174844,44.4629,-93.1836
174862,44.8854,-93.743
174899,46.8154,-92.1057
174914,44.9417,-93.1894
175005,44.9245,-93.1819
175078,44.455,-95.7598
175272,44.0466,-91.6445
175342,31.8772,-91.1429
175421,32.3184,-90.1692
175430,34.6721,-89.0292
175616,33.7439,-90.7344
175856,32.2968,-90.2066
175980,32.3231,-90.1781
176017,34.3621,-89.5394
176026,32.3321,-90.1717
176035,33.4933,-88.4186
176044,33.5141,-90.3413
176053,32.3346,-90.3305
176080,33.425,-88.8797
176318,34.7769,-89.447
176336,31.7485,-89.1494
176372,31.3275,-89.3379
176406,32.4027,-90.1594
176479,31.3053,-89.2918
176628,38.9122,-94.5914
176664,37.2397,-93.2854
176789,38.8382,-94.5462
176910,39.396,-92.4273
176947,39.1505,-92.6853
176965,38.8005,-93.7148
177038,38.932,-94.6791
177065,38.9579,-92.3265
177083,40.2404,-94.6828
177144,40.1301,-91.5267
177214,37.2198,-93.2858
177339,37.221,-93.2626
177418,38.6427,-90.3157
177542,39.7308,-91.3914
177551,38.6317,-90.2243
177719,38.6369,-90.2606
177746,39.0464,-94.5836
177816,38.5846,-90.324
177940,38.5644,-92.1685
177968,38.7882,-90.5028
177986,38.6313,-90.5423
178059,38.6455,-90.5051
178244,38.642,-90.4626
178341,37.0957,-94.4609
178369,39.1087,-93.1902
178387,39.7575,-94.7856
178396,38.941,-92.3264
178402,39.0354,-94.578
178411,37.9559,-91.7759
178420,38.7113,-90.3089
178615,40.1882,-92.5805
178624,40.3527,-94.8843
178679,37.1052,-94.5109
178697,36.616,-93.2382
178721,39.1895,-94.6771
179043,39.0308,-94.5712
179159,38.6365,-90.2334
179256,38.7758,-90.2946
179326,37.6016,-93.4105
179450,38.9775,-94.6074
179548,38.9506,-92.323
179557,37.3158,-89.5291
179566,37.198,-93.2768
179867,38.6481,-90.3116
179894,38.5893,-90.3457
179946,38.8478,-91.9543
179955,39.2478,-94.4121
179964,38.8579,-91.9493
180106,46.6022,-112.0405
180179,45.7969,-108.523
180258,47.4903,-111.2702
180416,46.0122,-112.557
180461,45.6668,-111.0499
180489,46.8611,-113.9829
180522,48.5411,-109.6865
180595,45.7968,-108.5539
180692,45.2083,-112.6393
180814,41.1502,-95.9176
180832,41.2592,-95.9772
180878,40.7968,-96.6515
180948,42.8207,-103.0028
180984,40.9149,-97.0891
181002,41.2653,-95.947
181020,40.6231,-96.9497
181093,41.2447,-95.9279
181127,40.5904,-98.3736
181215,40.7008,-99.0982
181297,41.266,-96.0485
181330,41.4368,-96.4884
181376,41.1231,-96.0944
181394,41.2577,-96.0108
181428,41.2551,-95.9763
181446,40.8388,-96.6484
181464,40.8223,-96.7022
181534,40.4747,-95.7327
181604,41.2409,-96.0202
181738,40.7748,-96.6511
181783,42.2416,-97.0142
181853,40.8675,-97.5793
182281,36.107,-115.1412
182290,39.5528,-119.8256
182458,39.2459,-119.9395
182634,43.4117,-71.9758
182670,43.7137,-72.2603
182795,42.7823,-72.0579
182980,43.177,-71.8229
183026,43.0399,-71.4539
183044,43.1342,-70.9345
183062,42.926,-72.2814
183071,42.9903,-71.4688
183080,43.7574,-71.6912
183211,42.7383,-71.4555
183239,42.9851,-71.5082
183257,43.1903,-71.5064
183275,42.8077,-71.4836
183804,40.0955,-74.2208
183822,40.7942,-74.1959
183910,40.8343,-74.2737
183974,40.8487,-74.8328
184348,40.757,-74.4258
184603,40.8962,-74.03
184612,40.8673,-74.0965
184694,40.7774,-74.4354
184773,40.0987,-74.2262
184782,39.7098,-75.118
185129,40.7099,-74.0873
185262,40.6794,-74.2347
185572,40.2801,-74.0064
185590,40.8592,-74.1995
185828,40.742,-74.1771
186131,40.3482,-74.6644
186186,40.8114,-74.5022
186201,41.0075,-74.1164
186283,40.2831,-74.7428
186371,39.9486,-75.1253
186380,40.5038,-74.4505
186399,40.7413,-74.1753
186432,40.7271,-74.0715
186584,40.7429,-74.2488
186618,40.7811,-74.436
186867,40.7448,-74.0253
186876,39.4723,-74.4801
186900,40.2172,-74.2503
187046,40.2201,-74.7697
187134,40.2687,-74.7774
187444,40.9463,-74.1995
187648,34.1783,-103.3473
187745,35.5866,-106.01
187897,35.599,-105.2228
187967,34.066,-106.9075
187985,35.0839,-106.6202
188030,32.2829,-106.7478
188182,32.7755,-103.1869
188304,32.777,-108.2848
188429,40.7214,-73.6533
188526,42.6526,-73.7781
188641,42.2559,-77.7886
189088,41.9961,-73.8749
189097,40.8091,-73.964
189264,40.6054,-73.993
189273,40.6355,-73.9811
189705,42.9253,-78.8518
189848,42.9319,-75.8541
189857,40.6279,-73.9708
190044,44.6638,-74.9999
190099,42.8188,-75.535
190114,40.7235,-74.0071
190150,40.8083,-73.9619
190248,40.9425,-73.8221
190372,40.7294,-73.9905
190415,42.4453,-76.4827
190512,40.7402,-73.9834
190549,40.6319,-73.9531
190558,40.6039,-74.1487
190567,40.8198,-73.9506
190576,40.7485,-73.9836
190594,40.7687,-73.9648
190600,40.7703,-73.9884
190637,40.8739,-73.8946
190664,40.7378,-73.8154
190691,40.7027,-73.7946
190716,42.9023,-78.8904
190725,42.965,-78.789
190761,41.0541,-73.9523
190770,40.7461,-73.1648
190983,42.0927,-76.8113
191241,40.8612,-73.8896
191515,43.0478,-75.4089
191533,42.454,-75.0736
191621,42.7551,-78.8203
191630,42.8586,-76.9848
191649,40.716,-73.6008
191676,42.4268,-78.1569
191931,40.9271,-73.7856
191968,42.4226,-76.4951
192040,40.812,-73.9603
192110,40.7737,-73.9829
192165,41.2227,-73.8106
192192,42.6154,-77.0905
192323,43.0473,-76.0884
192439,40.6901,-73.9809
192448,40.82,-73.5933
192563,40.7783,-73.2374
192624,40.628,-73.9884
192703,40.8898,-73.9019
192712,40.8123,-73.9617
192749,41.0311,-73.7183
192819,41.722,-73.9343
192864,40.7691,-73.9597
192925,42.929,-78.8566
193016,41.0214,-73.8746
193052,40.6383,-73.9695
193070,40.7138,-73.9913
193247,40.605,-73.966
193292,40.686,-73.6263
193353,41.5112,-74.0129
193399,40.9128,-73.907
193584,43.1024,-77.5144
193645,40.8994,-73.7811
193654,40.7353,-73.9946
193900,40.7295,-73.9973
193973,43.1386,-79.0311
194091,40.8144,-73.6089
194161,41.0864,-73.9311
194189,41.2687,-73.8898
194310,40.711,-74.0047
194392,44.4374,-74.253
194541,40.6944,-73.9868
194569,42.1011,-75.9624
194578,40.6912,-73.9621
194657,40.6185,-73.9637
194666,40.6319,-73.9854
194693,41.1143,-74.0728
194736,40.5865,-73.67
194763,40.7233,-73.8177
194824,42.729,-73.6788
194958,43.1267,-77.799
195003,43.0903,-77.6752
195030,43.1266,-77.6316
195128,42.7282,-73.6935
195164,42.0786,-78.4759
195173,40.6931,-73.9917
195216,44.5899,-75.1613
195234,42.6647,-73.7861
195243,41.0411,-73.9342
195304,40.9341,-73.8438
195438,40.6053,-73.7404
195474,42.7186,-73.7515
195526,43.0927,-73.7851
195544,40.6905,-73.968
195720,43.1171,-77.517
195809,40.722,-73.7953
196042,40.7541,-73.4264
196060,42.6869,-73.825
196079,42.088,-75.9711
196088,43.0004,-78.7892
196097,40.9164,-73.1473
196103,43.0344,-76.1392
196112,43.1353,-75.2292
196121,43.2099,-77.9498
196130,42.9342,-78.8807
196149,42.5589,-76.1856
196158,42.451,-79.3361
196167,42.7969,-77.822
196176,41.7372,-74.0887
196185,42.4666,-75.0642
196194,43.453,-76.5439
196200,44.6629,-74.9769
196219,41.0471,-73.7001
196237,40.7898,-73.571
196246,44.6911,-73.4673
196255,40.6553,-73.9438
196264,43.0783,-73.7799
196291,40.809,-73.8003
196307,43.043,-76.139
196413,43.0376,-76.1351
196431,40.636,-73.9722
196440,43.1471,-77.5749
196583,40.6355,-73.972
196592,40.7422,-73.9899
196866,42.8176,-73.9285
197018,40.7053,-73.9595
197045,43.0952,-75.2724
197133,41.6851,-73.8943
197197,40.615,-74.0957
197221,40.8844,-73.6448
197230,42.7443,-76.6965
197601,40.6249,-73.9834
197610,40.6164,-73.9696
197647,40.6369,-73.9798
197674,41.2209,-73.7284
197692,40.7039,-73.8343
197708,40.8508,-73.9285
197735,41.1185,-74.0664
197744,41.6985,-74.6263
197869,36.2017,-81.6626
197911,35.7355,-77.9138
197984,35.2613,-81.0418
197993,36.0675,-79.78
198066,35.2377,-82.7298
198136,35.4093,-78.7395
198215,35.6924,-80.4866
198303,36.4363,-77.0991
198385,35.5,-80.8452
198419,36.0016,-78.9423
198464,35.6063,-77.3662
198507,36.2735,-76.2101
198516,36.1041,-79.5056
198543,35.0725,-78.8947
198561,35.2473,-81.6681
198598,36.0711,-79.8002
198613,36.0926,-79.8888
198677,35.2684,-78.6134
198695,35.9727,-79.9945
198747,35.9942,-79.9971
198756,35.2434,-80.8548
198808,36.1636,-81.871
198835,35.739,-81.3262
198862,35.6707,-80.4845
198899,35.8259,-82.5509
198950,35.7972,-78.6892
198969,35.1379,-78.875
199032,35.6458,-82.2975
199069,35.2063,-78.0713
199102,36.0767,-79.7702
199111,35.6166,-82.5653
199120,35.9122,-79.051
199139,35.3068,-80.7358
199148,36.0675,-79.8098
199157,35.9742,-78.8986
199184,36.0748,-80.2366
199193,35.7851,-78.6745
199209,36.0174,-77.7742
199218,34.2252,-77.8755
199272,35.7891,-78.6368
199281,34.6872,-79.2019
199306,35.4847,-80.2832
199315,36.0888,-80.2491
199412,35.1889,-80.8322
199458,36.3038,-76.2175
199582,35.785,-78.6218
199607,36.0875,-80.2414
199643,35.7712,-78.6377
199698,34.7463,-79.4784
199847,36.1353,-80.279
199865,35.6118,-82.4411
199962,34.9794,-80.4445
199971,36.1484,-80.1928
199999,36.0892,-80.2249
200004,35.3089,-83.1846
200059,46.8827,-102.8005
200156,46.9154,-98.6972
200217,46.7249,-100.7524
200226,47.5047,-97.3225
200253,48.2469,-101.3006
200280,47.9219,-97.0708
200332,46.8945,-96.8057
200484,46.001,-98.5179
200572,46.9191,-98.0018
200800,41.0778,-81.5103
200873,40.8672,-80.8601
201061,39.1084,-84.4976
201104,40.861,-82.3206
201195,41.3739,-81.8491
201371,40.897,-83.8977
201441,41.377,-83.6375
201548,39.9549,-82.9379
201645,41.5008,-81.6058
201654,39.7503,-83.8121
201690,39.7165,-83.8768
201858,39.1124,-84.5548
201885,39.1312,-84.5143
201964,39.6109,-82.906
202046,41.5092,-81.6095
202073,41.5124,-81.6089
202134,41.5029,-81.6731
202170,39.9658,-82.9885
202480,39.7369,-84.1737
202514,41.3003,-84.3566
202523,40.0726,-82.5206
202763,41.0544,-83.6521
202806,39.9584,-82.9918
202903,39.1155,-84.506
203085,41.1143,-83.1666
203128,41.311,-81.1416
203368,41.4894,-81.5323
203517,41.1538,-81.3512
203535,40.3423,-82.3454
203580,41.7178,-81.2518
203757,41.7087,-83.7066
203775,40.8265,-81.3835
203845,39.4176,-81.45
204006,39.3774,-84.5632
204015,39.5238,-84.3572
204024,39.5096,-84.7318
204176,39.957,-83.0212
204185,40.9051,-81.1086
204194,40.3739,-82.4747
204200,39.0945,-84.6401
204264,39.9966,-81.7372
204468,41.5069,-81.5162
204501,41.2947,-82.2218
204617,39.9927,-82.9405
204635,40.7661,-83.8307
204796,39.9984,-83.009
204857,39.3274,-82.0981
204909,40.2969,-83.0679
204936,40.1254,-82.9356
205027,40.12,-83.019
205124,41.5934,-81.4844
205443,38.7309,-82.9954
205957,40.3761,-80.6231
206048,41.1192,-83.1836
206084,41.658,-83.6152
206154,38.4262,-82.5859
206279,39.1269,-84.5001
206330,40.0999,-83.76
206349,41.495,-81.4667
206437,40.8733,-81.3691
206491,39.708,-83.8794
206507,39.4411,-83.8173
206525,39.9375,-83.8141
206589,40.8105,-81.9347
206604,39.7806,-84.0649
206622,39.1493,-84.4776
206695,41.1056,-80.6465
206817,35.7771,-95.3353
206835,36.7178,-95.9541
206862,35.5133,-97.6295
206914,34.6065,-98.4342
206941,35.6582,-97.471
207041,34.7738,-96.6642
207157,35.3008,-97.4911
207209,35.944,-97.2603
207263,35.9205,-94.9685
207306,36.7963,-98.6676
207324,35.609,-97.4683
207342,35.4793,-97.4963
207351,36.5945,-101.6385
207388,36.1231,-97.0697
207403,35.3599,-96.9343
207458,35.4953,-97.5412
207500,35.2082,-97.4457
207582,36.0507,-95.9542
207661,36.3196,-95.6357
207689,35.3674,-96.9542
207722,35.0314,-97.9564
207847,34.0036,-96.3764
207856,35.5136,-97.6394
207865,35.5346,-98.708
207971,36.1519,-95.9452
208488,45.5682,-122.6379
208646,45.3204,-118.0938
208725,44.0331,-123.1537
208822,45.304,-122.9684
209056,45.4505,-122.6725
209065,45.2013,-123.2005
209108,45.3982,-122.6478
209241,45.0579,-122.7754
209287,45.5182,-122.6825
209409,44.0475,-123.0798
209490,45.4988,-122.6861
209506,42.2572,-121.7852
209533,45.5106,-122.7609
209542,44.5645,-123.2742
209551,44.0445,-123.074
209603,45.5286,-122.6838
209612,45.5214,-123.1088
209807,45.5112,-122.6836
209825,45.5718,-122.7269
209922,45.4804,-122.6306
210146,42.1865,-122.694
210304,45.5063,-122.5925
210331,44.8841,-122.9584
210401,44.9357,-123.0307
210429,44.8519,-123.2388
210492,40.1314,-75.0609
210571,40.3602,-75.9102
210669,41.6481,-80.1469
210739,40.5401,-75.3765
210775,40.3102,-75.9382
211024,41.4962,-75.6836
211088,40.0919,-75.1652
211158,41.008,-76.4464
211273,40.0285,-75.315
211291,40.9545,-76.8863
211352,40.0546,-75.3722
211361,40.0665,-79.8845
211431,40.4399,-79.9639
211440,40.4446,-79.9429
211468,40.5867,-75.5198
211556,40.4484,-79.9261
211583,40.087,-75.2288
211608,39.9323,-75.5294
211644,41.2097,-79.3748
211893,39.9485,-75.1701
211981,40.2976,-75.1582
212009,40.2028,-77.1979
212054,39.9549,-75.1887
212106,40.4375,-79.993
212115,40.9962,-75.1726
212133,40.0523,-75.3703
212160,41.87,-80.1264
212197,40.1504,-76.5942
212577,40.048,-76.319
212601,42.1261,-80.0863
212656,40.7735,-80.3525
212674,39.8361,-77.235
212832,40.1976,-75.2381
212911,40.0134,-75.3026
212984,40.0604,-74.9904
213011,40.028,-75.5706
213020,40.6156,-79.1599
213251,40.4995,-78.0152
213303,41.559,-75.7775
213321,41.2481,-75.8786
213349,40.5137,-75.7854
213358,40.5698,-80.012
213367,40.0385,-75.153
213385,40.7005,-75.2091
213400,40.0744,-76.2878
213507,40.3317,-76.5138
213543,40.6072,-75.3789
213598,39.8077,-75.9283
213613,41.1421,-77.4636
213668,41.2461,-77.0003
213783,41.8077,-77.0753
213826,41.435,-75.634
213987,42.104,-80.0556
213996,40.1587,-76.9885
214041,39.998,-76.3544
214069,41.3448,-75.971
214148,39.9571,-75.1721
214157,40.6309,-75.381
214175,40.5974,-75.509
214272,39.8749,-75.4379
214591,42.1194,-79.9839
214625,40.5538,-79.7033
214634,41.2349,-80.5082
214643,41.3065,-76.0172
214652,41.4403,-75.6206
214670,40.5577,-75.4018
214689,40.5407,-78.4091
214698,40.6783,-80.2962
214704,40.358,-75.9721
214713,40.2052,-76.742
214731,39.9284,-75.4478
214777,40.8007,-77.8616
214786,40.3445,-79.8273
214801,40.117,-75.1107
214810,40.6426,-76.1664
214829,39.9523,-76.7028
214883,39.9455,-75.1663
214971,39.9547,-75.1627
215053,40.0411,-76.3084
215062,39.951,-75.1936
215099,40.0216,-75.1927
215105,39.946,-75.1659
215114,40.1658,-74.9095
215132,39.9466,-75.2082
215266,41.9442,-78.673
215275,40.2928,-79.5358
215284,40.2686,-78.8326
215293,40.4445,-79.9547
215442,40.4385,-80.0015
215655,40.5211,-80.2118
215691,40.0348,-75.3299
215743,40.5028,-78.6385
215770,39.9944,-75.2383
215798,40.2925,-79.4037
215929,41.4072,-75.658
215947,40.3086,-79.5562
216010,40.0574,-77.5229
216038,41.0608,-80.0518
216047,39.9913,-75.2557
216278,40.7977,-76.8752
216287,39.9041,-75.3561
216311,39.9895,-75.248
216339,39.9809,-75.1583
216357,41.4131,-80.3821
216366,39.9491,-75.1581
216524,40.1941,-75.4557
216542,40.1183,-75.5486
216597,40.0394,-75.3455
216667,40.1719,-80.2404
216694,39.8994,-80.1873
216764,39.9491,-75.5946
216807,41.1185,-80.3314
216852,39.8616,-75.3567
216931,41.2432,-75.8883
217013,39.9475,-77.6581
217059,39.9467,-76.7273
217156,41.8276,-71.4045
217165,41.9201,-71.5391
217235,41.8206,-71.4133
217402,41.8441,-71.4379
217420,41.8427,-71.4669
217484,41.4816,-71.5311
217493,41.8259,-71.4077
217518,41.6473,-71.2618
217536,41.4714,-71.3011
217606,42.7654,-71.0793
217624,34.0103,-81.02
217633,34.5155,-82.6402
217688,32.982,-80.0693
217721,34.0113,-81.0214
217776,34.7281,-82.7616
217819,32.7831,-79.9373
217864,32.797,-79.9614
217873,33.4974,-80.8544
217882,34.6773,-82.8345
217907,34.3771,-80.0677
217925,34.0812,-81.0695
217934,34.0629,-81.0014
217961,34.9562,-81.9188
217998,34.3307,-82.3908
218061,34.1923,-79.6555
218070,34.9208,-82.4415
218229,34.2011,-82.1664
218238,35.0529,-81.648
218335,32.786,-79.9469
218399,33.9387,-80.3463
218414,34.2862,-81.602
218441,35.0698,-82.3703
218539,34.4657,-81.8744
218645,33.5729,-81.7679
218654,32.3033,-80.9736
218663,34.0062,-81.0377
218724,33.7977,-79.013
218733,33.4974,-80.8512
218742,34.9964,-81.9706
218919,33.3075,-81.1301
218964,34.9385,-81.0287
218973,34.9579,-81.9346
219000,43.5259,-96.7385
219046,44.4955,-103.87
219082,44.0127,-97.1096
219091,43.696,-98.0306
219198,42.8745,-97.4099
219259,45.4526,-98.4837
219295,45.4828,-98.4908
219347,44.0754,-103.2058
219356,44.3194,-96.7834
219383,43.5316,-96.7382
219471,42.7846,-96.9247
219505,36.2012,-86.7893
219602,36.5333,-87.3541
219639,35.1384,-90.0275
219709,36.1339,-86.7947
219718,36.1393,-88.5162
219790,35.4957,-85.0166
219806,36.1222,-83.4922
219833,35.1274,-89.9832
219949,36.2042,-86.2997
219976,36.1047,-86.7993
220075,36.3016,-82.367
220181,36.1691,-86.8057
220206,36.1346,-86.8262
220215,35.4401,-88.6394
220473,35.9372,-83.7503
220516,36.5859,-82.1565
220598,35.6282,-88.8068
220604,35.1186,-90.0341
220613,35.1662,-84.87
220631,36.5813,-83.6588
220701,35.2007,-87.0351
220710,35.752,-83.9639
220808,35.1459,-89.9937
220862,35.1159,-89.9935
220978,35.8491,-86.3621
221014,36.3004,-82.295
221254,35.921,-86.8681
221351,35.1544,-89.9892
221519,35.2044,-85.9178
221661,35.0491,-85.0509
221731,35.4449,-84.5926
221740,35.0482,-85.2998
221759,35.9551,-83.9297
221768,36.3403,-88.8642
221838,36.169,-86.8294
221847,36.1747,-85.504
221856,35.0325,-85.2774
221892,36.1421,-86.7536
221953,36.1726,-82.7617
221971,35.6769,-88.8585
221999,36.1444,-86.8049
222178,32.4692,-99.7095
222831,31.4415,-100.4665
222877,32.7395,-97.1557
222983,33.6463,-96.5988
223117,31.977,-95.2524
223214,30.5921,-96.3853
223232,31.546,-97.1194
224004,30.421,-97.8362
224147,27.7186,-97.3319
224226,32.71,-96.947
224244,32.9137,-96.8871
224323,32.8462,-96.9216
224527,32.555,-94.3722
224545,33.4956,-94.104
224554,33.2438,-95.9069
225247,32.4768,-99.7338
225399,29.6944,-95.516
225414,29.5825,-95.0981
225432,29.7638,-95.3595
225502,28.8164,-96.9782
225511,29.72,-95.3449
225548,31.7163,-98.985
225575,30.2647,-97.7217
225627,29.4681,-98.4677
225885,32.5882,-95.1777
226091,30.0443,-94.0734
226152,27.5735,-99.4352
226231,32.4677,-94.7273
226383,33.5763,-101.9348
226471,31.0668,-97.4635
226587,32.4296,-99.7503
226833,33.8771,-98.5177
227216,33.211,-97.1512
227243,32.6071,-96.9671
227331,29.4256,-98.544
227368,26.3066,-98.1721
227377,25.8997,-97.4916
227429,32.6772,-96.7559
227526,30.0946,-95.9921
227757,29.7165,-95.4036
227845,30.2298,-97.7576
227863,29.7381,-95.3942
227881,30.7247,-95.5519
228042,30.0311,-99.1311
228149,29.4518,-98.5643
228246,32.8453,-96.7849
228325,32.4055,-96.8532
228343,30.6352,-97.6646
228431,31.5856,-94.5855
228459,29.8892,-97.9364
228468,32.3971,-97.3285
228501,30.3629,-103.6506
228529,32.2157,-98.2201
228635,32.8195,-96.8423
228644,29.5047,-98.5761
228653,29.3113,-94.7764
228705,27.5249,-97.8823
228723,30.5963,-96.3067
228769,32.7284,-97.1151
228778,30.2847,-97.7373
228787,32.9894,-96.7484
228796,31.7717,-106.5036
228802,32.3147,-95.2491
228875,32.7096,-97.3615
228884,32.3742,-95.3123
228981,29.5733,-97.9846
229018,31.8895,-102.3296
229027,29.5824,-98.6214
229063,29.7225,-95.362
229115,33.5803,-101.8769
229160,32.7333,-97.2796
229179,33.227,-97.1291
229267,29.4629,-98.4826
229300,29.7029,-95.4032
229337,33.5932,-101.8936
229780,34.1867,-101.7296
229814,34.982,-101.9158
229887,32.5376,-94.3768
230038,40.2509,-111.6493
230047,21.6412,-157.9254
230603,37.6746,-113.0701
230728,41.7407,-111.8139
230737,40.2785,-111.7171
230764,40.7625,-111.846
230782,41.1926,-111.9448
230807,40.7315,-111.8556
230816,42.92,-73.2375
230825,44.4907,-73.2273
230834,43.608,-73.1815
230852,44.473,-73.2044
230889,44.2791,-72.4373
230898,43.5171,-73.2411
230913,44.6417,-72.6712
230931,44.5343,-72.0246
230940,42.8396,-72.7366
230959,44.0091,-73.1761
230995,44.1394,-72.6601
231059,44.4942,-73.1631
231077,43.5998,-73.007
231086,42.867,-73.2187
231095,44.6523,-72.3824
231174,44.4793,-73.1981
231420,36.5773,-79.4132
231554,37.2457,-81.2449
231581,38.3784,-78.969
231624,37.3095,-76.731
231651,36.8009,-76.1928
231712,37.0633,-76.4949
231837,37.2667,-79.9392
232025,36.7725,-81.8317
232043,38.4786,-78.8761
232089,36.9266,-80.0209
232186,38.8309,-77.3079
232256,37.2425,-78.4614
232265,37.0221,-76.3376
232308,37.3546,-79.9422
232423,38.4353,-78.8717
232557,37.3503,-79.1797
232566,37.3011,-78.3958
232609,37.3977,-79.1842
232672,38.1548,-79.0683
232681,38.3022,-77.4744
232706,38.9056,-77.1288
232937,36.8483,-76.2639
232982,36.8849,-76.3097
233277,37.1369,-80.5497
233295,37.7497,-77.4723
233301,37.4374,-79.1708
233374,37.5776,-77.5387
233426,37.2969,-80.0564
233541,39.1661,-78.1584
233611,37.7407,-79.3503
233718,37.5563,-79.0797
233897,36.9715,-82.5587
233921,37.2375,-80.4348
234030,37.5476,-77.4536
234076,38.0365,-78.5026
234085,37.7843,-79.5258
234155,37.2365,-77.4199
234164,37.5619,-77.451
234173,36.8684,-76.1861
234207,37.7878,-79.4457
234827,47.005,-120.5377
234915,47.6115,-122.1826
235024,47.6179,-122.3361
235097,47.4913,-117.5894
235167,47.0738,-122.9775
235316,47.6681,-117.4031
235422,46.3746,-120.3953
235547,47.7299,-122.2517
235769,47.9803,-122.2077
236133,47.6577,-122.1915
236230,47.1455,-122.4454
236328,47.2637,-122.4797
236452,47.0371,-122.8154
236577,47.6493,-122.3629
236595,47.6101,-122.3197
236896,46.047,-118.3898
236939,46.7304,-117.1582
236948,47.6562,-122.3131
237011,48.7372,-122.4849
237057,46.0714,-118.3302
237066,47.7537,-117.4181
237118,39.1581,-80.0477
237136,37.8533,-81.2012
237181,40.2051,-80.5578
237215,37.2669,-81.2354
237312,38.3326,-81.6187
237330,37.4239,-81.0057
237358,38.9287,-79.8464
237367,39.4859,-80.1618
237385,38.9353,-80.8336
237525,38.4226,-82.4307
237640,39.3124,-81.5392
237792,39.4343,-77.8048
237899,38.379,-81.768
237932,40.1644,-80.6023
237950,38.1794,-81.3252
237969,38.9905,-80.2171
238032,39.6347,-79.9539
238078,40.0709,-80.6908
238193,42.9835,-87.9655
238324,44.4683,-87.9217
238333,42.5036,-89.0315
238430,43.1398,-87.909
238458,43.0046,-88.228
238476,42.6229,-87.8207
238616,43.2542,-87.9166
238661,43.0587,-89.4221
238980,43.8419,-87.885
239017,44.2613,-88.3978
239071,43.1957,-88.7351
239080,43.7774,-88.4206
239105,43.0388,-87.9281
239309,43.0309,-87.9079
239318,43.0454,-87.9077
239390,43.0723,-88.0306
239503,45.5811,-88.0959
239512,46.579,-90.875
239628,43.8424,-88.8426
239716,44.4447,-88.0673
239743,44.071,-87.743
240107,43.8023,-91.2441
240189,42.8356,-88.7424
240268,44.7984,-91.5004
240277,44.5311,-87.9205
240329,43.8153,-91.2301
240338,43.0369,-88.0227
240365,44.025,-88.5493
240374,42.6461,-87.8554
240417,44.8886,-91.9298
240426,46.7175,-92.089
240444,43.0739,-89.4054
240453,43.0768,-87.8805
240462,42.7339,-90.4927
240471,44.8526,-92.6253
240480,44.5296,-89.5709
240727,41.3119,-105.572
240754,13.4327,144.8028
241100,18.4061,-66.1868
241128,18.4341,-66.4787
241191,18.2053,-67.1126
241216,18.3574,-66.1117
241225,18.4005,-66.1815
241331,18.4666,-66.1139
241377,18.3406,-66.1907
241386,18.3875,-65.9577
241395,18.446,-66.6791
241410,18.0029,-66.6113
241614,18.3706,-66.0145
241739,18.3867,-66.061
241766,18.4206,-66.0684
241951,18.4674,-66.1115
242617,18.084,-67.0538
242626,18.4679,-67.1217
242635,18.4751,-66.759
242644,18.1827,-66.3033
242653,18.369,-66.0777
242662,18.0074,-66.5785
242680,18.3292,-65.6496
242699,17.98,-66.1101
242705,18.3516,-66.1825
243106,18.4987,-67.1379
243115,18.4692,-66.7411
243133,18.3714,-66.1435
243142,18.3915,-65.9897
243151,18.1172,-66.1631
243179,18.1439,-65.814
243197,18.213,-67.1439
243203,18.4087,-66.0518
243212,17.9933,-66.6062
243221,18.403,-66.0459
243346,18.415,-65.9834
243443,18.4406,-66.0751
243577,18.4225,-66.0554
243586,18.1933,-67.1437
243601,18.2396,-66.0063
243665,18.3442,-64.9729
243744,37.4317,-122.1822
243780,40.4282,-86.9144
243823,32.8803,-96.8936
244190,39.8165,-75.5489
245652,35.6668,-105.9122
245731,40.624,-73.961
245777,41.114,-74.0692
245838,33.9876,-118.3847
245847,34.4229,-119.696
245883,47.617,-122.3426
245892,39.7958,-83.8921
245953,35.3478,-97.5783
247773,42.4719,-83.2008
247825,30.3438,-97.7117
260947,42.0741,-87.9309
262086,33.6557,-117.7686
262129,27.3849,-82.5586
363907,18.0128,-66.6146
363916,18.4449,-66.4031
366003,26.3036,-80.093
366711,33.1291,-117.158
367884,26.2772,-81.7412
373827,44.8272,-68.7899
375230,40.6289,-73.9928
377555,47.7607,-122.1915
377564,47.245,-122.4375
384254,28.8108,-81.8756
384421,40.4998,-74.3995
385619,26.3912,-80.1083
388520,29.7167,-95.5066
392840,36.1947,-86.8059
399911,33.5494,-117.7349
405058,40.6236,-73.9899
405854,40.7042,-73.9565
409698,36.6537,-121.7992
414708,42.9748,-83.6945
414823,25.8943,-80.1648
414878,41.1768,-85.1084
416801,29.7054,-95.4008
417752,37.034,-94.5115
420325,41.1158,-74.0659
426314,29.1893,-81.0495
428259,43.0296,-88.1152
430670,18.2205,-66.0504
430810,42.9928,-71.4588
431983,40.8967,-73.9111
433660,26.4643,-81.7736
434414,42.4782,-83.1833
434937,39.0424,-77.0306
435000,32.481,-93.7608
436614,33.2759,-111.8853
436818,41.5547,-73.0388
436827,41.3172,-72.0639
436836,41.0559,-73.5427
437316,45.5315,-122.6973
439446,26.122,-80.1422
439613,39.7797,-86.04
439701,34.2009,-118.4548
439862,13.4369,144.8034
440411,42.8503,-72.5564
440794,40.5366,-74.5784
440828,44.0707,-121.3458
441186,32.6724,-115.4927
441478,41.5618,-70.6137
441511,35.9244,-78.8434
441609,41.1239,-74.0899
441690,18.4027,-66.0563
441900,35.9872,-114.9389
441937,34.1629,-119.0436
441982,42.2928,-71.264
442897,38.2844,-85.7412
442949,45.4768,-122.5385
443049,47.2802,-122.5159
443058,35.462,-96.9022
443340,35.9564,-86.825
444398,29.3469,-98.5452
444413,40.5968,-73.7515
444778,35.243,-80.8025
444990,30.4447,-84.3411
445267,39.1504,-92.6862
445735,36.0727,-115.0668
446048,26.3371,-81.4411
446233,36.2141,-94.2366
446394,38.8635,-76.9425
446604,41.3355,-74.1611
446640,40.2613,-76.8808
447689,33.9799,-84.0011
447953,37.7341,-122.1778
448284,40.8155,-96.6508
448804,42.3332,-85.1789
448840,27.7626,-82.6357
449658,40.0997,-74.2113
449764,35.1443,-90.0495
449870,34.046,-118.083
449931,36.5773,-79.4132
450766,40.8761,-72.6991
451370,40.6825,-74.2133
451398,40.0987,-74.1821
451404,40.6347,-73.9953
451671,27.3918,-82.563
454184,40.7483,-73.9858
455257,40.6383,-73.9878
455770,34.1718,-118.1187
456481,25.8092,-80.3289
456490,28.5516,-81.2528
456959,44.0223,-92.4635
457183,28.7752,-81.3536
